PRIMARY,FEH,TARGETID,TARGET_DEC,FEH_ERR,TARGET_RA,VRAD_ERR,VRAD,PMRA_ERROR,SOURCE_ID,PARALLAX,PMDEC_ERROR,PMRA_PMDEC_CORR,PARALLAX_ERROR,PMRA,PMDEC,dist_mod_err,dist_mod,EBV,FLUX_R,FLUX_G,phi1,phi2,VGSR,VGSR_ERR,VRAD_SKEW,VRAD_KURT,VSINI,LOGG,LOGG_ERR,TEFF,TEFF_ERR,ALPHAFE,ALPHAFE_ERR,CHISQ_TOT,CHISQ_C_TOT,NPIX_TOT,CHISQ_B,CHISQ_C_B,CHISQ_R,CHISQ_C_R,CHISQ_Z,CHISQ_C_Z,VRAD_CCF,RVS_WARN,REF_ID,REF_CAT,SN_B,SN_R,SN_Z,SUCCESS,RR_Z,RR_SPECTYPE,HEALPIX,SURVEY,PROGRAM,PRIMARY_desi,FEH_desi,TARGET_DEC_desi,FEH_ERR_desi,TARGET_RA_desi,VRAD_ERR_desi,VRAD_desi,source_id,designation,ra,dec,l,b,parallax,pmra,pmdec,phot_g_mean_mag,ra_error,dec_error,parallax_error,pmra_error,pmdec_error,ruwe,astrometric_excess_noise,astrometric_excess_noise_sig,dec_parallax_corr,dec_pmdec_corr,dec_pmra_corr,ipd_frac_multi_peak,ipd_gof_harmonic_amplitude,ipd_gof_harmonic_phase,parallax_over_error,parallax_pmdec_corr,parallax_pmra_corr,phot_bp_rp_excess_factor,pmra_pmdec_corr,ra_dec_corr,radial_velocity,radial_velocity_error,ra_parallax_corr,ra_pmdec_corr,ra_pmra_corr,visibility_periods_used,average_rv,average_rv_error,best_classification,epoch_g,epoch_g_error,g_absorption,g_absorption_error,int_average_bp,int_average_bp_error,int_average_g,int_average_g_error,int_average_rp,int_average_rp_error,metallicity,metallicity_error,p1_o,p1_o_error,peak_to_peak_g,peak_to_peak_g_error,pf,pf_error,phi21_g,phi21_g_error,phi31_g,phi31_g_error,r21_g,r21_g_error,r31_g,r31_g_error,reference_time_g,PERIOD,PERIOD_TYPE,PERIOD_error,FIBER,EXPID,PETAL_LOC,DEVICE_LOC,LOCATION,FIBERSTATUS,DESINAME,LAMBDA_REF,FA_TARGET,FA_TYPE,OBJTYPE,FIBERASSIGN_X,FIBERASSIGN_Y,PRIORITY,SUBPRIORITY,OBSCONDITIONS,RELEASE,BRICKNAME,BRICKID,BRICK_OBJID,MORPHTYPE,EBV_2,FLUX_Z,FLUX_W1,FLUX_W2,FLUX_IVAR_G,FLUX_IVAR_R,FLUX_IVAR_Z,FLUX_IVAR_W1,FLUX_IVAR_W2,FIBERFLUX_G,FIBERFLUX_R,FIBERFLUX_Z,FIBERTOTFLUX_G,FIBERTOTFLUX_R,FIBERTOTFLUX_Z,MASKBITS,SERSIC,SHAPE_R,SHAPE_E1,SHAPE_E2,PHOTSYS,PRIORITY_INIT,NUMOBS_INIT,DESI_TARGET,BGS_TARGET,MWS_TARGET,SCND_TARGET,PLATE_RA,PLATE_DEC,NUM_ITER,FIBER_X,FIBER_Y,DELTA_X,DELTA_Y,FIBER_RA,FIBER_DEC,EXPTIME,PSF_TO_FIBER_SPECFLUX,NIGHT,MJD,TILEID,SV2_DESI_TARGET,SV2_BGS_TARGET,SV2_MWS_TARGET,SV2_SCND_TARGET,SV1_DESI_TARGET,SV1_BGS_TARGET,SV1_MWS_TARGET,SV1_SCND_TARGET,SV3_DESI_TARGET,SV3_BGS_TARGET,SV3_MWS_TARGET,SV3_SCND_TARGET,CMX_TARGET,TEFF_GSPPHOT,LOGG_GSPPHOT,MH_GSPPHOT,Amp_V,N_epochs,v_sys_B21,v_sys_B21_std,v_sys_B21_err,v0_mean,v0_std,v0_1,v0_5,v0_16,v0_50,v0_84,v0_95,v0_99,teff0_mean,teff0_std,teff0_1,teff0_5,teff0_16,teff0_50,teff0_84,teff0_95,teff0_99,dist_FEH,dist_FEH_err
True,-3.3114105283046205,2305843028914349784,0.2897305374775291,0.06851011864299628,353.56322465416804,3.885121114664616,-149.72629638922194,0.120233625,2.6444432542800333e+18,0.10615972428584083,0.11289906,0.47142366,0.114514455,0.9304002977176751,-3.8512986260015616,0.665168821811676,11.934290422248235,0.030519113,113.87048,67.203354,24.145494272234078,2.0681976177813177,-21.95328556277815,3.885121114664616,,,,,,,,,,,,,,,,,,,,,,,,,,,,,,,,,,,,,,,,,,,,,,,,,,,,,,,,,,,,,,,,,,,,,,,,,,,,,,,,,,,,,,,,,,,,,,,,,,,,,,,,,,,,,,,,,,,,,,,,,,,,,,,,,,,,,,,,,,,,,,,,,,,,,,,,,,,,,,,,,,,,,,,,,,,,,,,,,,,,,,,,,,,,,,,,,,,,,,,,,,,,,,,,,,
True,-2.3809196496542135,2305843028872396866,-1.4811968688844879,0.016676541696682503,348.795159542248,1.7865154106234855,-166.73270901351074,0.062364478,2.6386666950658227e+18,0.09278084074604723,0.050562937,0.11351782,0.056078594,0.5679026638145324,-4.4128600806288505,0.8428486585617065,11.771302164599568,0.03820414,303.57303,159.87827,26.434445231233582,-2.4738143221236752,-36.00849894773674,1.7865154106234855,,,,,,,,,,,,,,,,,,,,,,,,,,,,,,,,,,,,,,,,,,,,,,,,,,,,,,,,,,,,,,,,,,,,,,,,,,,,,,,,,,,,,,,,,,,,,,,,,,,,,,,,,,,,,,,,,,,,,,,,,,,,,,,,,,,,,,,,,,,,,,,,,,,,,,,,,,,,,,,,,,,,,,,,,,,,,,,,,,,,,,,,,,,,,,,,,,,,,,,,,,,,,,,,,,
True,-3.4162328147572234,2305843028889183198,-0.9700044785281662,0.03233940095239677,353.47032138963755,1.2931310260602042,-137.42664568942257,0.04303952,2.6412041617441715e+18,0.0884860902580191,0.032600526,0.044429876,0.027881276,0.8070894666851641,-4.059731295592492,0.27567237615585327,15.670958505552665,0.048851572,1162.062,600.9297,25.408626939477227,2.1149301073735796,-13.468663668284222,1.2931310260602042,,,,,,,,,,,,,,,,,,,,,,,,,,,,,,,,,,,,,,,,,,,,,,,,,,,,,,,,,,,,,,,,,,,,,,,,,,,,,,,,,,,,,,,,,,,,,,,,,,,,,,,,,,,,,,,,,,,,,,,,,,,,,,,,,,,,,,,,,,,,,,,,,,,,,,,,,,,,,,,,,,,,,,,,,,,,,,,,,,,,,,,,,,,,,,,,,,,,,,,,,,,,,,,,,,
True,-3.359024914508037,2305843030579483942,30.250984731091044,0.030874891478995345,354.7701573961331,1.2971138241533442,-183.75380373816245,0.048951603,2.868052548930202e+18,0.010384929103263546,0.037310008,0.07526742,0.04142008,1.2935286004787063,-2.6481210808473965,0.21826335787773132,16.52110024070803,0.08953,567.2943,289.19168,-5.746426240445877,-0.3416410419481235,14.900227041559106,1.2971138241533442,,,,,,,,,,,,,,,,,,,,,,,,,,,,,,,,,,,,,,,,,,,,,,,,,,,,,,,,,,,,,,,,,,,,,,,,,,,,,,,,,,,,,,,,,,,,,,,,,,,,,,,,,,,,,,,,,,,,,,,,,,,,,,,,,,,,,,,,,,,,,,,,,,,,,,,,,,,,,,,,,,,,,,,,,,,,,,,,,,,,,,,,,,,,,,,,,,,,,,,,,,,,,,,,,,
True,-3.053358760930596,39627651807185073,-5.838131834061791,0.13422494699081838,349.30774205656905,6.038454501600217,-139.04228129404538,0.24082792,2.6320430952858337e+18,-0.3133129926317042,0.27699867,0.37891108,0.23999104,0.6845596596864106,-4.196874553831279,0.3910178542137146,16.119935989379883,0.037520885,32.450302,21.351694,30.708328700313558,-1.4735710463934102,-23.563873841117086,6.038454501600217,,,,,,,,,,,,,,,,,,,,,,,,,,,,,,,,,,,,,,,,,,,,,,,,,,,,,,,,,,,,,,,,,,,,,,,,,,,,,,,,,,,,,,,,,,,,,,,,,,,,,,,,,,,,,,,,,,,,,,,,,,,,,,,,,,,,,,,,,,,,,,,,,,,,,,,,,,,,,,,,,,,,,,,,,,,,,,,,,,,,,,,,,,,,,,,,,,,,,,,,,,,,,,,,,,
True,-3.420938509555063,39627760448054832,-1.34662388845367,0.07528500133412172,352.993718336094,2.786303041034439,-136.72573503128064,0.10783728,2.640793013114784e+18,0.12939923201410816,0.112513505,0.373458,0.107273266,0.4624700502623349,-4.193817497352347,0.1439659744501114,15.073996543884277,0.04236809,117.06302,71.87347,25.835590064727917,1.6827235477271947,-13.076259320665073,2.786303041034439,,,,,,,,,,,,,,,,,,,,,,,,,,,,,,,,,,,,,,,,,,,,,,,,,,,,,,,,,,,,,,,,,,,,,,,,,,,,,,,,,,,,,,,,,,,,,,,,,,,,,,,,,,,,,,,,,,,,,,,,,,,,,,,,,,,,,,,,,,,,,,,,,,,,,,,,,,,,,,,,,,,,,,,,,,,,,,,,,,,,,,,,,,,,,,,,,,,,,,,,,,,,,,,,,,
True,-3.6026192329324322,39627748368456193,-1.7231343304352484,0.1418839661948151,352.9329734332078,5.661280208485115,-130.6236090324756,0.22356297,2.640764352798121e+18,-0.08576339109019274,0.20852832,0.5726393,0.19340569,0.7732795483310693,-3.96863675556398,0.20484082400798798,15.95212459564209,0.044609535,40.47365,26.192423,26.216654582819032,1.6637226353463979,-8.070504512015816,5.661280208485115,,,,,,,,,,,,,,,,,,,,,,,,,,,,,,,,,,,,,,,,,,,,,,,,,,,,,,,,,,,,,,,,,,,,,,,,,,,,,,,,,,,,,,,,,,,,,,,,,,,,,,,,,,,,,,,,,,,,,,,,,,,,,,,,,,,,,,,,,,,,,,,,,,,,,,,,,,,,,,,,,,,,,,,,,,,,,,,,,,,,,,,,,,,,,,,,,,,,,,,,,,,,,,,,,,
True,-2.9047182032672425,2780908667011078,-1.9264458414456147,0.19565703516146712,353.4630423094495,9.732546461918162,-122.2177803266976,0.35676092,2.6406958738387994e+18,-0.15019822185273068,0.2593147,0.2069216,0.31292924,0.8728140918579669,-3.9051194189047505,0.7013673782348633,16.734879022173892,0.039492473,18.523579,13.409537,26.360774172081893,2.212609549358248,-1.3161604290446007,9.732546461918162,,,,,,,,,,,,,,,,,,,,,,,,,,,,,,,,,,,,,,,,,,,,,,,,,,,,,,,,,,,,,,,,,,,,,,,,,,,,,,,,,,,,,,,,,,,,,,,,,,,,,,,,,,,,,,,,,,,,,,,,,,,,,,,,,,,,,,,,,,,,,,,,,,,,,,,,,,,,,,,,,,,,,,,,,,,,,,,,,,,,,,,,,,,,,,,,,,,,,,,,,,,,,,,,,,
True,-3.8081349030296687,39627784569489981,-0.22854656960209146,0.04955597620508056,350.5715218644225,1.7445785135895646,-156.07967671342712,0.089313015,2.6449506746007204e+18,0.004318040648555347,0.084422596,0.33835796,0.09211407,0.6689093926468356,-4.051334078903538,0.14346663653850555,14.513021469116211,0.04149474,148.89986,90.82587,24.991597403730857,-0.8478233715586678,-24.45028155034612,1.7445785135895646,,,,,,,,,,,,,,,,,,,,,,,,,,,,,,,,,,,,,,,,,,,,,,,,,,,,,,,,,,,,,,,,,,,,,,,,,,,,,,,,,,,,,,,,,,,,,,,,,,,,,,,,,,,,,,,,,,,,,,,,,,,,,,,,,,,,,,,,,,,,,,,,,,,,,,,,,,,,,,,,,,,,,,,,,,,,,,,,,,,,,,,,,,,,,,,,,,,,,,,,,,,,,,,,,,
True,-3.244900055151782,39627706052120476,-3.546328751737462,0.14061128400600453,350.18772713653505,3.395891355770352,-143.02518223590909,0.14643396,2.637420703578129e+18,0.038743025167084964,0.14211865,0.4000197,0.13564369,0.5750152282277184,-4.228796949848504,0.3826116621494293,17.605398178100586,0.043179568,69.69653,43.312603,28.331821822123207,-0.8603335056122909,-21.431136502068313,3.395891355770352,,,,,,,,,,,,,,,,,,,,,,,,,,,,,,,,,,,,,,,,,,,,,,,,,,,,,,,,,,,,,,,,,,,,,,,,,,,,,,,,,,,,,,,,,,,,,,,,,,,,,,,,,,,,,,,,,,,,,,,,,,,,,,,,,,,,,,,,,,,,,,,,,,,,,,,,,,,,,,,,,,,,,,,,,,,,,,,,,,,,,,,,,,,,,,,,,,,,,,,,,,,,,,,,,,
True,-3.09062178502821,39636465939909472,-5.120075550500713,0.1872924014457745,348.10081446137934,6.814235312213372,-139.9976468608707,0.2970135,2.635323011486077e+18,-0.14016773299447666,0.29152533,0.35417873,0.26269725,0.5839994475365302,-4.627226799643167,0.3490135073661804,16.143314361572266,0.041816946,32.02986,21.364292,30.13232143481956,-2.7493682427562476,-20.059972673580944,6.814235312213372,,,,,,,,,,,,,,,,,,,,,,,,,,,,,,,,,,,,,,,,,,,,,,,,,,,,,,,,,,,,,,,,,,,,,,,,,,,,,,,,,,,,,,,,,,,,,,,,,,,,,,,,,,,,,,,,,,,,,,,,,,,,,,,,,,,,,,,,,,,,,,,,,,,,,,,,,,,,,,,,,,,,,,,,,,,,,,,,,,,,,,,,,,,,,,,,,,,,,,,,,,,,,,,,,,
True,-3.4044182570516766,39636447866655310,-5.745597755675041,0.03952779059160967,347.4175047130094,1.5479927180162882,-146.03698628964673,0.10178031,2.635176119308948e+18,-0.09768468181076775,0.07697377,-0.05149169,0.07279382,0.6170453891968432,-4.394128858957868,0.2993199825286865,14.817852020263672,0.03779257,173.17722,104.281784,30.833688700918586,-3.35226287866073,-27.07625661750197,1.5479927180162882,,,,,,,,,,,,,,,,,,,,,,,,,,,,,,,,,,,,,,,,,,,,,,,,,,,,,,,,,,,,,,,,,,,,,,,,,,,,,,,,,,,,,,,,,,,,,,,,,,,,,,,,,,,,,,,,,,,,,,,,,,,,,,,,,,,,,,,,,,,,,,,,,,,,,,,,,,,,,,,,,,,,,,,,,,,,,,,,,,,,,,,,,,,,,,,,,,,,,,,,,,,,,,,,,,
True,-2.918844040440412,39627706106643344,-3.4198887871780688,0.12940013198882383,353.2814264998895,4.86050501536946,-124.4590351861539,0.20518829,2.639492973758816e+18,-0.1876180893173817,0.15281619,0.16622968,0.16436073,0.824963617454257,-4.031315325999303,0.2046242207288742,15.720643997192383,0.040591992,56.241806,35.643063,27.86620532018618,2.194974197238211,-8.076291574906222,4.86050501536946,,,,,,,,,,,,,,,,,,,,,,,,,,,,,,,,,,,,,,,,,,,,,,,,,,,,,,,,,,,,,,,,,,,,,,,,,,,,,,,,,,,,,,,,,,,,,,,,,,,,,,,,,,,,,,,,,,,,,,,,,,,,,,,,,,,,,,,,,,,,,,,,,,,,,,,,,,,,,,,,,,,,,,,,,,,,,,,,,,,,,,,,,,,,,,,,,,,,,,,,,,,,,,,,,,
True,-3.421322068773989,39627700075236735,-3.6697691661735186,0.06917056769748327,353.42493113901975,2.442497008237586,-137.16395820534348,0.11275283,2.639471395843028e+18,-0.05270159349797199,0.096006036,0.2292236,0.12918153,0.7137261696447883,-4.26187136496149,0.2785729169845581,15.694295883178711,0.039872773,95.47469,59.285007,28.099277667196752,2.3644389432246498,-21.872498153890803,2.442497008237586,,,,,,,,,,,,,,,,,,,,,,,,,,,,,,,,,,,,,,,,,,,,,,,,,,,,,,,,,,,,,,,,,,,,,,,,,,,,,,,,,,,,,,,,,,,,,,,,,,,,,,,,,,,,,,,,,,,,,,,,,,,,,,,,,,,,,,,,,,,,,,,,,,,,,,,,,,,,,,,,,,,,,,,,,,,,,,,,,,,,,,,,,,,,,,,,,,,,,,,,,,,,,,,,,,
True,-3.263452341644922,39627850998876463,2.5838150845034082,0.05316329218792383,350.1429639047302,2.1684010303842016,-163.26548856890318,0.111166924,2.6581159218898493e+18,0.09069352295351216,0.073951386,0.15914282,0.07807491,1.058951356643543,-4.001152318662864,0.2553907036781311,16.06768226623535,0.05171944,154.29799,93.75449,22.242867960670253,-1.5832937403654244,-22.142922550461606,2.1684010303842016,,,,,,,,,,,,,,,,,,,,,,,,,,,,,,,,,,,,,,,,,,,,,,,,,,,,,,,,,,,,,,,,,,,,,,,,,,,,,,,,,,,,,,,,,,,,,,,,,,,,,,,,,,,,,,,,,,,,,,,,,,,,,,,,,,,,,,,,,,,,,,,,,,,,,,,,,,,,,,,,,,,,,,,,,,,,,,,,,,,,,,,,,,,,,,,,,,,,,,,,,,,,,,,,,,
True,-3.5389533368759674,39628478030545065,29.799050471831645,0.02403604314361896,354.8314450763645,2.5674340625716257,-184.7697384761383,0.10215852,2.8680213502877947e+18,-0.1783709844963677,0.079638764,0.02670228,0.101437576,1.2559801555166936,-2.6808193227359984,0.16538973152637482,14.713464736938477,0.11332068,80.816185,46.34553,-5.304638381879729,-0.23260569084580024,13.038118197567911,2.5674340625716257,,,,,,,,,,,,,,,,,,,,,,,,,,,,,,,,,,,,,,,,,,,,,,,,,,,,,,,,,,,,,,,,,,,,,,,,,,,,,,,,,,,,,,,,,,,,,,,,,,,,,,,,,,,,,,,,,,,,,,,,,,,,,,,,,,,,,,,,,,,,,,,,,,,,,,,,,,,,,,,,,,,,,,,,,,,,,,,,,,,,,,,,,,,,,,,,,,,,,,,,,,,,,,,,,,
True,-3.5361857267216976,39628430295172938,27.47703092171745,0.03914672947011428,354.73863713722926,4.608438153282061,-194.51673282083317,0.16993111,2.865237176391044e+18,0.09245551543356204,0.11531607,0.09534365,0.17870326,1.4421453542704634,-2.9003209185915035,0.22690950334072113,15.682440757751465,0.10238869,43.80256,25.987265,-2.9905835394313938,-0.023821593823780494,-0.5616073724426087,4.608438153282061,,,,,,,,,,,,,,,,,,,,,,,,,,,,,,,,,,,,,,,,,,,,,,,,,,,,,,,,,,,,,,,,,,,,,,,,,,,,,,,,,,,,,,,,,,,,,,,,,,,,,,,,,,,,,,,,,,,,,,,,,,,,,,,,,,,,,,,,,,,,,,,,,,,,,,,,,,,,,,,,,,,,,,,,,,,,,,,,,,,,,,,,,,,,,,,,,,,,,,,,,,,,,,,,,,
True,-3.0582340147893388,39628456937392106,28.654641692630722,0.07276959583919626,354.7257603261615,2.0511795685814276,-206.10116361770375,0.115077294,2.866215810459822e+18,-0.04534499752517388,0.10315102,0.108851254,0.13317072,1.187808521719468,-2.765154833124478,0.20684921741485596,15.468393325805664,0.2506368,60.782177,32.33707,-4.157650775749364,-0.1814779454335215,-10.050717003509703,2.0511795685814276,,,,,,,,,,,,,,,,,,,,,,,,,,,,,,,,,,,,,,,,,,,,,,,,,,,,,,,,,,,,,,,,,,,,,,,,,,,,,,,,,,,,,,,,,,,,,,,,,,,,,,,,,,,,,,,,,,,,,,,,,,,,,,,,,,,,,,,,,,,,,,,,,,,,,,,,,,,,,,,,,,,,,,,,,,,,,,,,,,,,,,,,,,,,,,,,,,,,,,,,,,,,,,,,,,
True,-3.950566493085608,39628414155493283,26.656084912702028,0.12273198642129779,354.91174747404233,6.816878521078363,-190.1316550601405,0.19942509,2.8647623634630246e+18,0.011684813560968144,0.16538475,0.24880323,0.22086866,1.286115292845516,-2.8119676056120975,0.3663105368614197,16.521556854248047,0.083746634,27.27982,17.169022,-2.195355660144627,0.2317755808260389,2.029011661926461,6.816878521078363,,,,,,,,,,,,,,,,,,,,,,,,,,,,,,,,,,,,,,,,,,,,,,,,,,,,,,,,,,,,,,,,,,,,,,,,,,,,,,,,,,,,,,,,,,,,,,,,,,,,,,,,,,,,,,,,,,,,,,,,,,,,,,,,,,,,,,,,,,,,,,,,,,,,,,,,,,,,,,,,,,,,,,,,,,,,,,,,,,,,,,,,,,,,,,,,,,,,,,,,,,,,,,,,,,
True,-3.2129914298735467,39628478022159688,29.781839017321,0.060014287457121736,354.4442791064839,2.0310047531378452,-187.46027700739967,0.08037173,2.866534874989742e+18,0.02518501539164473,0.07107964,-0.007247966,0.09188292,1.4043863360644224,-2.6866335492707876,0.13585104048252106,14.9320068359375,0.08799463,117.084206,67.39022,-5.246098494479025,-0.5639156390939887,10.969321534559327,2.0310047531378452,,,,,,,,,,,,,,,,,,,,,,,,,,,,,,,,,,,,,,,,,,,,,,,,,,,,,,,,,,,,,,,,,,,,,,,,,,,,,,,,,,,,,,,,,,,,,,,,,,,,,,,,,,,,,,,,,,,,,,,,,,,,,,,,,,,,,,,,,,,,,,,,,,,,,,,,,,,,,,,,,,,,,,,,,,,,,,,,,,,,,,,,,,,,,,,,,,,,,,,,,,,,,,,,,,
True,-2.2188796957043984,39627989402519437,8.305223929275998,0.08555256871343246,353.5330980095323,3.6905531536528535,-167.9847043999551,0.23108305,2.75825332061882e+18,0.14396987444754142,0.19261405,0.21009135,0.19446228,0.8993902414878453,-3.8432200408982338,0.7577324509620667,16.762744903564453,0.109085605,37.30275,22.996012,16.181431864418883,1.1334602107738567,-16.287296422941978,3.6905531536528535,,,,,,,,,,,,,,,,,,,,,,,,,,,,,,,,,,,,,,,,,,,,,,,,,,,,,,,,,,,,,,,,,,,,,,,,,,,,,,,,,,,,,,,,,,,,,,,,,,,,,,,,,,,,,,,,,,,,,,,,,,,,,,,,,,,,,,,,,,,,,,,,,,,,,,,,,,,,,,,,,,,,,,,,,,,,,,,,,,,,,,,,,,,,,,,,,,,,,,,,,,,,,,,,,,
True,-3.2917010353636065,2781113772670976,6.5556417200426385,0.29088346534332227,353.48469406996617,9.12184506229857,-135.01289641649652,0.34713584,2.757374982626869e+18,0.06842320455413271,0.26508272,0.28335166,0.38212216,0.7214772598657988,-3.40322914930318,0.6729826331138611,16.46277647142885,0.07018086,16.436026,11.703044,17.925431284753273,1.2856597502693023,11.803399202603174,9.12184506229857,,,,,,,,,,,,,,,,,,,,,,,,,,,,,,,,,,,,,,,,,,,,,,,,,,,,,,,,,,,,,,,,,,,,,,,,,,,,,,,,,,,,,,,,,,,,,,,,,,,,,,,,,,,,,,,,,,,,,,,,,,,,,,,,,,,,,,,,,,,,,,,,,,,,,,,,,,,,,,,,,,,,,,,,,,,,,,,,,,,,,,,,,,,,,,,,,,,,,,,,,,,,,,,,,,
True,-3.7245370488267637,39628270106312773,20.298565329692213,0.28418939336733484,353.8875356081593,6.900741128952528,-200.0157562573854,0.26000154,2.8261115361532073e+18,-0.003194519640950133,0.19269054,0.064106084,0.2497178,1.3971640619571961,-3.0747224432956632,0.5494990944862366,17.587363166876795,0.073376164,23.617504,14.841638,4.229185208841736,0.07445895128429145,-18.90201487522708,6.900741128952528,,,,,,,,,,,,,,,,,,,,,,,,,,,,,,,,,,,,,,,,,,,,,,,,,,,,,,,,,,,,,,,,,,,,,,,,,,,,,,,,,,,,,,,,,,,,,,,,,,,,,,,,,,,,,,,,,,,,,,,,,,,,,,,,,,,,,,,,,,,,,,,,,,,,,,,,,,,,,,,,,,,,,,,,,,,,,,,,,,,,,,,,,,,,,,,,,,,,,,,,,,,,,,,,,,
True,-3.7244461564749325,39628264469169748,19.939545918969117,0.10115100747690861,356.62735074469316,2.3473612046587666,-173.3247086276324,0.15725763,2.8229067002764605e+18,-0.0987983603509349,0.08888873,0.039037958,0.11701193,1.0175469219580309,-3.220692794112147,0.29455989599227905,17.689065480770047,0.19555528,79.02227,39.904022,4.2598482429189035,2.67180526793493,1.9533324493457656,2.3473612046587666,,,,,,,,,,,,,,,,,,,,,,,,,,,,,,,,,,,,,,,,,,,,,,,,,,,,,,,,,,,,,,,,,,,,,,,,,,,,,,,,,,,,,,,,,,,,,,,,,,,,,,,,,,,,,,,,,,,,,,,,,,,,,,,,,,,,,,,,,,,,,,,,,,,,,,,,,,,,,,,,,,,,,,,,,,,,,,,,,,,,,,,,,,,,,,,,,,,,,,,,,,,,,,,,,,
True,-3.562391696656461,39628201412005437,17.216009289514645,0.014388739954122457,354.73878070950826,3.34026904378544,-203.95915942394052,0.18704234,2.8202028293843717e+18,-0.1479282180312741,0.16847587,0.36593208,0.19250493,1.0521891342358427,-3.4493475893054826,0.13723917305469513,15.785383224487305,0.058642864,37.702587,23.70806,7.192334851110354,1.2461450498653057,-31.432769741943503,3.34026904378544,,,,,,,,,,,,,,,,,,,,,,,,,,,,,,,,,,,,,,,,,,,,,,,,,,,,,,,,,,,,,,,,,,,,,,,,,,,,,,,,,,,,,,,,,,,,,,,,,,,,,,,,,,,,,,,,,,,,,,,,,,,,,,,,,,,,,,,,,,,,,,,,,,,,,,,,,,,,,,,,,,,,,,,,,,,,,,,,,,,,,,,,,,,,,,,,,,,,,,,,,,,,,,,,,,
True,-3.626994282720518,39628298329785504,21.381216456521024,0.1268214311892012,353.63832831151893,3.974463291741012,-192.27703970261422,0.20689009,2.8271816014844416e+18,-0.19357220856813767,0.15683839,0.16398396,0.2188932,1.2953450030045994,-2.885306128536721,0.6512902975082397,15.948373794555664,0.056666743,28.911783,18.92474,3.1814190385966503,-0.2841056653738266,-8.378437046717124,3.974463291741012,,,,,,,,,,,,,,,,,,,,,,,,,,,,,,,,,,,,,,,,,,,,,,,,,,,,,,,,,,,,,,,,,,,,,,,,,,,,,,,,,,,,,,,,,,,,,,,,,,,,,,,,,,,,,,,,,,,,,,,,,,,,,,,,,,,,,,,,,,,,,,,,,,,,,,,,,,,,,,,,,,,,,,,,,,,,,,,,,,,,,,,,,,,,,,,,,,,,,,,,,,,,,,,,,,
True,-3.637840153360096,39628060865071517,11.225490301487229,0.13397129454114015,352.9910894400006,4.7855299567693805,-184.1976986111953,0.22156648,2.7641125536591826e+18,0.3180803884320753,0.16194157,0.11602756,0.19515957,0.9765681554733094,-3.3556183787745137,0.6004056930541992,15.463294982910156,0.066675946,43.392517,27.0651,13.341042364703805,0.2693075593805271,-23.517823717410806,4.7855299567693805,,,,,,,,,,,,,,,,,,,,,,,,,,,,,,,,,,,,,,,,,,,,,,,,,,,,,,,,,,,,,,,,,,,,,,,,,,,,,,,,,,,,,,,,,,,,,,,,,,,,,,,,,,,,,,,,,,,,,,,,,,,,,,,,,,,,,,,,,,,,,,,,,,,,,,,,,,,,,,,,,,,,,,,,,,,,,,,,,,,,,,,,,,,,,,,,,,,,,,,,,,,,,,,,,,
True,-3.445089326289481,39628102233492203,12.891212595773169,0.07563829674851455,353.73980544425154,2.4156775579208363,-178.964642150426,0.18424131,2.7649421695434947e+18,0.08761642499063042,0.09818565,0.17935228,0.14856258,1.2824020124333666,-3.556344663055092,0.19247883558273315,15.90373420715332,0.060608312,60.97989,37.393356,11.602055239934563,0.80494722165746,-15.2994025099934,2.4156775579208363,,,,,,,,,,,,,,,,,,,,,,,,,,,,,,,,,,,,,,,,,,,,,,,,,,,,,,,,,,,,,,,,,,,,,,,,,,,,,,,,,,,,,,,,,,,,,,,,,,,,,,,,,,,,,,,,,,,,,,,,,,,,,,,,,,,,,,,,,,,,,,,,,,,,,,,,,,,,,,,,,,,,,,,,,,,,,,,,,,,,,,,,,,,,,,,,,,,,,,,,,,,,,,,,,,
True,-3.5392185190919956,39628031198759863,9.986960989295035,0.056612678917036675,355.3498958612863,4.359483147113404,-157.10461107761648,0.1943867,2.760077689583923e+18,-0.41636423454681104,0.14804001,0.18194945,0.207529,0.9081834758988241,-3.296368658984853,0.2794914245605469,15.382993698120117,0.09976137,46.97498,27.970358,14.299452608402095,2.7170383778782274,-4.2103172963169015,4.359483147113404,,,,,,,,,,,,,,,,,,,,,,,,,,,,,,,,,,,,,,,,,,,,,,,,,,,,,,,,,,,,,,,,,,,,,,,,,,,,,,,,,,,,,,,,,,,,,,,,,,,,,,,,,,,,,,,,,,,,,,,,,,,,,,,,,,,,,,,,,,,,,,,,,,,,,,,,,,,,,,,,,,,,,,,,,,,,,,,,,,,,,,,,,,,,,,,,,,,,,,,,,,,,,,,,,,
True,-3.6390362208377045,39627573822490589,-9.026917282102593,0.022802564281566642,347.4647175974604,2.4977581013867356,-129.98646696358685,0.14354411,2.60637489325571e+18,0.0249172203595044,0.13064632,0.3236746,0.14126703,0.30882461376687165,-4.61561756955007,0.4352993667125702,14.66357421875,0.037752893,84.564255,54.040535,34.09113242416108,-2.9162687811696673,-22.38164631706961,2.4977581013867356,,,,,,,,,,,,,,,,,,,,,,,,,,,,,,,,,,,,,,,,,,,,,,,,,,,,,,,,,,,,,,,,,,,,,,,,,,,,,,,,,,,,,,,,,,,,,,,,,,,,,,,,,,,,,,,,,,,,,,,,,,,,,,,,,,,,,,,,,,,,,,,,,,,,,,,,,,,,,,,,,,,,,,,,,,,,,,,,,,,,,,,,,,,,,,,,,,,,,,,,,,,,,,,,,,
True,-3.2887712065870423,39627579790984697,-8.730305594512327,0.0675459641906134,347.1817833316357,2.9620480878755164,-133.0504229796965,0.2655744,2.606442547580639e+18,0.21835902947406316,0.15067206,-0.13010526,0.21799263,0.49230610379451906,-4.639778704471012,0.2122591733932495,15.527012825012207,0.036982827,63.639595,40.913662,33.82996529068666,-3.229495641424793,-23.951783494251487,2.9620480878755164,,,,,,,,,,,,,,,,,,,,,,,,,,,,,,,,,,,,,,,,,,,,,,,,,,,,,,,,,,,,,,,,,,,,,,,,,,,,,,,,,,,,,,,,,,,,,,,,,,,,,,,,,,,,,,,,,,,,,,,,,,,,,,,,,,,,,,,,,,,,,,,,,,,,,,,,,,,,,,,,,,,,,,,,,,,,,,,,,,,,,,,,,,,,,,,,,,,,,,,,,,,,,,,,,,
True,-3.1632801419942056,39627579782597986,-8.786288094073523,0.09596018039425828,346.8048713989376,3.616247863168541,-137.89363649437166,0.28567055,2.607171248911837e+18,-0.1060139305720695,0.25310746,0.24154611,0.22066568,0.42064271199778036,-4.890106788673632,0.1753949522972107,16.878767013549805,0.046231918,32.444916,21.648357,33.93086976959473,-3.5924794582674635,-28.38359727221345,3.616247863168541,,,,,,,,,,,,,,,,,,,,,,,,,,,,,,,,,,,,,,,,,,,,,,,,,,,,,,,,,,,,,,,,,,,,,,,,,,,,,,,,,,,,,,,,,,,,,,,,,,,,,,,,,,,,,,,,,,,,,,,,,,,,,,,,,,,,,,,,,,,,,,,,,,,,,,,,,,,,,,,,,,,,,,,,,,,,,,,,,,,,,,,,,,,,,,,,,,,,,,,,,,,,,,,,,,
True,-3.4440658819898493,39627585763674530,-8.40317167999174,0.12942511938646195,346.76369779085644,4.643507613782465,-139.0554908737205,0.28166905,2.6072197648625746e+18,-0.18128149345623998,0.19523074,0.057493854,0.22991426,0.2191554789541289,-4.767884052080014,0.3266948163509369,16.109281539916992,0.045643423,39.816666,26.254337,33.5547912979823,-3.6794818331516033,-28.145704466989457,4.643507613782465,,,,,,,,,,,,,,,,,,,,,,,,,,,,,,,,,,,,,,,,,,,,,,,,,,,,,,,,,,,,,,,,,,,,,,,,,,,,,,,,,,,,,,,,,,,,,,,,,,,,,,,,,,,,,,,,,,,,,,,,,,,,,,,,,,,,,,,,,,,,,,,,,,,,,,,,,,,,,,,,,,,,,,,,,,,,,,,,,,,,,,,,,,,,,,,,,,,,,,,,,,,,,,,,,,
True,-3.06354603973605,39628348564964894,23.660995349188482,0.16055823639688288,355.4471230711176,5.503103213339664,-181.06298009006147,0.15074477,2.851974867136671e+18,-0.2711890430235791,0.12372931,0.25247926,0.16468792,1.4289171421716012,-2.8890552723275,0.9800691604614258,16.636789321899414,0.059979685,39.08867,24.402527,0.7137386437102654,1.0941910762484843,4.348079074566016,5.503103213339664,,,,,,,,,,,,,,,,,,,,,,,,,,,,,,,,,,,,,,,,,,,,,,,,,,,,,,,,,,,,,,,,,,,,,,,,,,,,,,,,,,,,,,,,,,,,,,,,,,,,,,,,,,,,,,,,,,,,,,,,,,,,,,,,,,,,,,,,,,,,,,,,,,,,,,,,,,,,,,,,,,,,,,,,,,,,,,,,,,,,,,,,,,,,,,,,,,,,,,,,,,,,,,,,,,
True,-2.3592309820235564,2780788194017289,-6.98117851862901,0.13681781302930696,355.71769272350997,7.198005419350052,-102.00241475485964,0.3168534,2.4396906484717414e+18,0.6062886245873504,0.26079065,0.28521663,0.28139788,0.3073624768843449,-4.706481787225945,0.6551598906517029,16.2495332929213,0.027219959,21.770731,15.189818,31.159134253561465,4.982218471941528,-2.1916111171990593,7.198005419350052,,,,,,,,,,,,,,,,,,,,,,,,,,,,,,,,,,,,,,,,,,,,,,,,,,,,,,,,,,,,,,,,,,,,,,,,,,,,,,,,,,,,,,,,,,,,,,,,,,,,,,,,,,,,,,,,,,,,,,,,,,,,,,,,,,,,,,,,,,,,,,,,,,,,,,,,,,,,,,,,,,,,,,,,,,,,,,,,,,,,,,,,,,,,,,,,,,,,,,,,,,,,,,,,,,
True,-2.2030459314279205,39628303958541714,21.844753910196623,0.17778709263211487,354.1731922939403,7.164250291598676,-187.27493314038622,0.76577985,2.827313371081668e+18,0.33286744027211795,0.7048173,0.05519696,0.73716724,1.1046342676278447,-3.3573575629457415,,,0.040038537,7.7173014,5.3763547,2.6622426114184794,0.15474404849903567,-3.341194352095357,7.164250291598676,,,,,,,,,,,,,,,,,,,,,,,,,,,,,,,,,,,,,,,,,,,,,,,,,,,,,,,,,,,,,,,,,,,,,,,,,,,,,,,,,,,,,,,,,,,,,,,,,,,,,,,,,,,,,,,,,,,,,,,,,,,,,,,,,,,,,,,,,,,,,,,,,,,,,,,,,,,,,,,,,,,,,,,,,,,,,,,,,,,,,,,,,,,,,,,,,,,,,,,,,,,,,,,,,,
True,-3.151080178325486,39627675937014874,-4.7432665666881935,0.016390029824048392,352.0271740755614,1.2865659412397223,-130.87899671012516,0.08956932,2.6332837953735583e+18,-0.06831391924420506,0.06780109,0.14129558,0.07616858,0.6843453816073453,-4.219783261953975,0.07177360355854034,15.931834096438028,0.052396666,152.54588,171.45268,29.3185176140406,1.095415353786945,-16.546953270032247,1.570112072801828,0.005340807781066166,3.0008217059787694,0.015213231197709384,3.2809840596773325,0.01926108510972852,8456.08350068902,6.034448182739441,1.1999866773264949,4.1630744514160225e-07,11238.54394959337,93955.62407831626,7740.0,3779.035476106021,64477.02264031474,3096.444643992947,9632.125882199412,4363.063829494402,19846.475555802113,-131.64275790083443,0.0,2.6332837953735583e+18,b'G2',48.017178,44.524418,38.35074,True,-0.0004318917441949426,b'STAR',18710.0,b'main',b'bright',True,-3.151080178325486,-4.7432665666881935,0.019199819729184848,352.0271740755614,1.570112072801828,-130.87899671012516,,,,,,,,,,,,,,,,,,,,,,,,,,,,,,,,,,,,,,,,,,,,,,,,,,,,,,,,,,,,,,,,,,,,,,,,,,,,,,,,,,,,,,,,,,,,,,,,,,,,,,,,,,,,,,,,,,,,,,,,,,,,,,,,,,,,,,,,,,,,,,,,,,,,,,,,,,,,,,,,,,,,,,,,,,,,
False,-2.3981599852500137,39627838902501991,2.0752765785928133,0.0030336319139893614,349.0249764416064,2.166445907710089,-173.9908588563116,0.08037657,2.657662987523303e+18,0.09249804372539411,0.06297877,0.18966718,0.069893286,0.7139774049557435,-4.185444576746601,0.07860418409109116,15.899507116377794,0.04501367,168.9303,191.10568,22.870799095441125,-2.638131428863899,-33.45747938979929,1.406208218853482,-0.00772311928155183,2.9993863414154727,0.02332648582086173,3.231912508314587,0.02871947162973569,8511.60983286023,8.938095348306359,1.1999817553264456,3.075275532804603e-07,11023.90179096579,44627.03274440257,7725.0,4386.63907574546,31596.656650536424,2892.0306094557227,4260.104389115007,3745.2321057646077,8770.271704751138,-170.9695647508644,0.0,2.657662987523303e+18,b'G2',27.157385,25.088646,21.28329,True,-0.0005571791879752795,b'GALAXY',18883.0,b'main',b'bright',True,-3.039051095194833,2.0752765785928133,0.04785788506801268,349.0249764416064,1.406208218853482,-174.96431785310023,,,,,,,,,,,,,,,,,,,,,,,,,,,,,,,,,,,,,,,,,,,,,,,,,,,,,,,,,,,,,,,,,,,,,,,,,,,,,,,,,,,,,,,,,,,,,,,,,,,,,,,,,,,,,,,,,,,,,,,,,,,,,,,,,,,,,,,,,,,,,,,,,,,,,,,,,,,,,,,,,,,,,,,,,,,,
True,-3.1867037625700703,39628408753228050,26.491022812879713,0.021317215216685354,354.8215597639147,1.8547170101623376,-178.36342134883634,0.070267245,2.8647508185909386e+18,0.007182707955912915,0.0582683,0.14965813,0.06942056,1.2474250315409523,-2.901875739958502,0.06453584134578705,16.041966766168994,0.08094769,143.8134,152.57666,-2.0214833991780474,0.17244264660197992,13.648561669957218,2.0615467949540998,0.010255140548595042,3.003082686734275,0.018234459603310802,3.328528067659614,0.03946123779356345,8142.805764694642,11.862620839081542,1.199973547771839,4.129176152129229e-07,9365.107917080772,45295.46260564567,7704.0,3309.8146150354314,29805.442548732986,2642.6160112807975,5200.454130855194,3412.6772907645427,10289.56592605749,-175.24560926414182,0.0,2.8647508185909386e+18,b'G2',29.597115,28.249348,26.667583,True,-0.000595256055163708,b'STAR',20355.0,b'main',b'bright',True,-3.1867037625700703,26.491022812879713,0.023546202763810593,354.8215597639147,2.0615467949540998,-178.36342134883634,,,,,,,,,,,,,,,,,,,,,,,,,,,,,,,,,,,,,,,,,,,,,,,,,,,,,,,,,,,,,,,,,,,,,,,,,,,,,,,,,,,,,,,,,,,,,,,,,,,,,,,,,,,,,,,,,,,,,,,,,,,,,,,,,,,,,,,,,,,,,,,,,,,,,,,,,,,,,,,,,,,,,,,,,,,,
False,-3.2255341665346764,39628509282307356,31.219668427219514,0.012135353508264978,355.2357226091541,1.5430202804430946,-208.19518351802068,0.08662564,2.8712148818107924e+18,0.05821109515675138,0.05400003,-0.047284715,0.07611271,1.1794417270802773,-2.765770068817873,0.0754961222410202,16.163717344852785,0.08703789,145.56758,144.28111,-6.757952553613384,-0.0672215015512245,-11.742441766686596,1.342363698559245,-0.010324775206066153,3.0029106548323257,0.01659954466732141,3.3676543063300306,0.035174182866222536,8033.384628990483,9.489833823732994,1.199992179581661,3.9833558702754857e-07,9392.49706849787,52530.03143731916,7706.0,3328.055957650282,31955.49854100028,2539.945681767348,6531.238925226971,3524.4954290802407,14043.293971091909,-208.31076177126482,0.0,2.8712148818107924e+18,b'G2',31.804136,34.955036,32.583427,True,-0.0006922759472158174,b'STAR',20401.0,b'main',b'bright',True,-3.0275327440507334,31.219668427219514,0.048203603182772434,355.2357226091541,1.342363698559245,-211.17115566809773,,,,,,,,,,,,,,,,,,,,,,,,,,,,,,,,,,,,,,,,,,,,,,,,,,,,,,,,,,,,,,,,,,,,,,,,,,,,,,,,,,,,,,,,,,,,,,,,,,,,,,,,,,,,,,,,,,,,,,,,,,,,,,,,,,,,,,,,,,,,,,,,,,,,,,,,,,,,,,,,,,,,,,,,,,,,
True,-2.9244919554020514,39628160811139935,15.410580613422189,0.021261651433819657,353.5678699577537,1.1580285472179155,-183.35592479590065,0.07424568,2.8195559729503324e+18,0.02095315596028749,0.06578932,0.33618918,0.07118204,1.0416574726855656,-3.503443499729082,0.05405496060848236,16.199298858642578,0.0707482,143.07799,156.38008,9.119135512140002,0.34585108664150743,-13.029545503784618,1.4666390544955619,0.004911438325467851,3.0007602842342704,0.013041609071169028,3.329082340294276,0.016031159903266236,8523.111304907783,5.477964439016044,1.1999794046038401,4.914621379205828e-07,14190.16555627635,110469.94976851011,7740.0,4746.296131195391,71383.97259982776,3380.3558326458215,11816.502289846389,6063.513592435137,27269.47487883596,-182.2012918030906,0.0,2.8195559729503324e+18,b'G2',46.862415,51.13042,45.227257,True,-0.0006102297770079505,b'STAR',20034.0,b'main',b'bright',True,-2.9244919554020514,15.410580613422189,0.023495910744068753,353.5678699577537,1.4666390544955619,-183.35592479590065,,,,,,,,,,,,,,,,,,,,,,,,,,,,,,,,,,,,,,,,,,,,,,,,,,,,,,,,,,,,,,,,,,,,,,,,,,,,,,,,,,,,,,,,,,,,,,,,,,,,,,,,,,,,,,,,,,,,,,,,,,,,,,,,,,,,,,,,,,,,,,,,,,,,,,,,,,,,,,,,,,,,,,,,,,,,
True,-3.28290038056378,39628348552380999,23.648471996180945,0.13099560739614657,354.58016208181647,1.7648948369314608,-187.84551171907606,0.07312687,2.828132236662858e+18,0.07398442598211653,0.05209536,-0.023852143,0.068058364,1.1842835483679406,-3.0272086389143382,0.05623931810259819,16.149969667948124,0.047517706,166.97873,174.7449,0.8262637856001742,0.30798514610998795,-0.9116581093474281,1.981124374043015,0.0006596827784555201,2.999911025792169,0.0166914765930922,3.3379649635527846,0.04223327876698481,7971.411309009376,9.853211545620937,1.1996144031291536,0.013315577835830497,9468.33411242985,46725.14784352947,7715.0,3322.275299656609,31093.177107153057,2729.6072289864805,5486.031176861545,3416.4515837867593,10145.93955951487,-188.9834727239762,0.0,2.828132236662858e+18,b'G2',32.663353,31.17193,27.435427,True,-0.0006241295602524152,b'STAR',20095.0,b'main',b'bright',True,-3.28290038056378,23.648471996180945,0.13137674511528047,354.58016208181647,1.981124374043015,-187.84551171907606,,,,,,,,,,,,,,,,,,,,,,,,,,,,,,,,,,,,,,,,,,,,,,,,,,,,,,,,,,,,,,,,,,,,,,,,,,,,,,,,,,,,,,,,,,,,,,,,,,,,,,,,,,,,,,,,,,,,,,,,,,,,,,,,,,,,,,,,,,,,,,,,,,,,,,,,,,,,,,,,,,,,,,,,,,,,
True,-2.1044978551845994,39637161204516893,24.441879973498967,0.004410762134804618,355.1653166448771,1.0916723366030696,-180.45136230822712,0.069015786,2.852215046005045e+18,0.25272705571721865,0.05781362,0.28841382,0.07986426,1.1190207891121078,-3.0201585070001045,0.045427873730659485,16.25830333801963,0.05197612,129.85056,152.05191,-0.02781168472469075,0.738876320585203,7.02794742797073,1.414831612067106,0.004366536001408305,3.0003087859324262,0.011035803252785081,3.9154372402852378,0.009378668554029405,10525.375743281333,5.44623942042429,1.199993153154997,5.451766252100817e-07,14673.002163066238,143669.71946845078,7740.0,5062.971629070239,100255.31451917486,4519.4458033312685,13231.449365914277,5090.58473066473,30182.955583361658,-176.35968574535238,0.0,2.852215046005045e+18,b'G2',53.56363,51.525024,45.95724,True,-0.0006001281060229775,b'STAR',20266.0,b'main',b'bright',True,-2.1044978551845994,24.441879973498967,0.010929538993472057,355.1653166448771,1.414831612067106,-180.45136230822712,,,,,,,,,,,,,,,,,,,,,,,,,,,,,,,,,,,,,,,,,,,,,,,,,,,,,,,,,,,,,,,,,,,,,,,,,,,,,,,,,,,,,,,,,,,,,,,,,,,,,,,,,,,,,,,,,,,,,,,,,,,,,,,,,,,,,,,,,,,,,,,,,,,,,,,,,,,,,,,,,,,,,,,,,,,,
True,-3.4732609178585645,39628376150904147,25.07271342208968,0.0009046149202075023,359.0995334510934,1.5750729023668921,-188.55512152905732,0.082558446,2.851613922380927e+18,0.2157103921105673,0.056468297,-0.011940289,0.07859842,1.2970087755376176,-3.1676312102959203,0.0786837637424469,15.287957799301978,0.10868415,149.72484,159.43071,-1.1600083381756674,4.18581339917392,-7.065304006315017,1.8140712907078556,0.0028382227171151924,3.000773942805548,0.013166503804393406,3.935104791323943,0.013698108908428486,11229.373797526858,8.854238887896363,1.1999923970860649,2.954191596310802e-07,14663.111464732048,75894.32879579176,7678.0,4251.7516309503535,47320.49487416206,3266.874674325394,8858.78218186658,7144.485159456301,19715.051739763116,-189.7494025766127,0.0,2.851613922380927e+18,b'G2',36.678738,39.397095,32.32483,True,-0.0006194587711755361,b'STAR',20261.0,b'main',b'bright',True,-3.4732609178585645,25.07271342208968,0.010040833040831922,359.0995334510934,1.8140712907078556,-188.55512152905732,,,,,,,,,,,,,,,,,,,,,,,,,,,,,,,,,,,,,,,,,,,,,,,,,,,,,,,,,,,,,,,,,,,,,,,,,,,,,,,,,,,,,,,,,,,,,,,,,,,,,,,,,,,,,,,,,,,,,,,,,,,,,,,,,,,,,,,,,,,,,,,,,,,,,,,,,,,,,,,,,,,,,,,,,,,,
True,-3.039051095194833,39627838902501991,2.0752765785928133,0.04680146539568084,349.0249764416064,1.0804728385161202,-174.96431785310023,0.08037657,2.657662987523303e+18,0.09249804372539411,0.06297877,0.18966718,0.069893286,0.7139774049557435,-4.185444576746601,0.07860418409109116,15.899507116377794,0.04501367,168.9303,191.10568,22.870799095441125,-2.638131428863899,-33.45747938979929,1.406208218853482,-0.0013713100469938061,3.0001462106418195,0.021872398177067594,3.288565624353128,0.01457870799562703,8346.60162968254,9.633458909662348,1.1999748514211064,4.7119291788178286e-07,11675.357251734984,132160.1974892309,7703.0,4342.67829580588,100007.46117296268,3083.7816443195,11300.66543584495,4248.897311609604,20852.070880423256,-171.96369184049937,0.0,2.657662987523303e+18,b'G2',47.71494,46.859783,39.71367,True,-0.0005864415473505866,b'STAR',18883.0,b'main',b'dark',True,-3.039051095194833,2.0752765785928133,0.04785788506801268,349.0249764416064,1.406208218853482,-174.96431785310023,,,,,,,,,,,,,,,,,,,,,,,,,,,,,,,,,,,,,,,,,,,,,,,,,,,,,,,,,,,,,,,,,,,,,,,,,,,,,,,,,,,,,,,,,,,,,,,,,,,,,,,,,,,,,,,,,,,,,,,,,,,,,,,,,,,,,,,,,,,,,,,,,,,,,,,,,,,,,,,,,,,,,,,,,,,,
True,-3.0275327440507334,39628509282307356,31.219668427219514,0.04715492932665883,355.2357226091541,0.9959619968701897,-211.17115566809773,0.08662564,2.8712148818107924e+18,0.05821109515675138,0.05400003,-0.047284715,0.07611271,1.1794417270802773,-2.765770068817873,0.0754961222410202,16.163717344852785,0.08703789,145.56758,144.28111,-6.757952553613384,-0.0672215015512245,-11.742441766686596,1.342363698559245,-0.0024577339959228907,3.0004423860851195,0.016360271132964056,3.3826893318033537,0.019846494202486225,7984.896252967359,16.897370738302676,1.1999834425519382,5.612273574875533e-07,11898.163284507993,125381.9681159698,7731.0,4326.537033016816,92120.03641047678,3217.885793137156,11333.27003043442,4353.740458354021,21928.66167505859,-210.09334583643508,0.0,2.8712148818107924e+18,b'G2',51.710697,49.37349,43.762115,True,-0.0007026308988909783,b'STAR',20401.0,b'main',b'dark',True,-3.0275327440507334,31.219668427219514,0.048203603182772434,355.2357226091541,1.342363698559245,-211.17115566809773,,,,,,,,,,,,,,,,,,,,,,,,,,,,,,,,,,,,,,,,,,,,,,,,,,,,,,,,,,,,,,,,,,,,,,,,,,,,,,,,,,,,,,,,,,,,,,,,,,,,,,,,,,,,,,,,,,,,,,,,,,,,,,,,,,,,,,,,,,,,,,,,,,,,,,,,,,,,,,,,,,,,,,,,,,,,
